question,contexts,answer,ground_truth,answer_correctness,faithfulness,answer_relevancy,context_precision
"What is the significance of cherry trees in Washington, D.C.?","[""Washington (CNN)There should be plenty of pent-up anticipation among cherry blossom fans in Washington this spring. Peak blooms are expected at the tail end of the three-week-long National Cherry Blossom Festival, which kicks off Friday and runs through April 12. The fluttering pink and white blossoms are expected to hit their peak between April 11 and April 14. Here are five things to know about the eagerly awaited D.C. blossoms: . The city's first cherry trees were destroyed . In 1910, 2,000 cherry trees arrived in Washington, thanks to a gift from the city of Tokyo and the advocacy of Eliza Ruhamah Scidmore, one of the first female board members of the National Geographic Society. These trees, however, were riddled with disease and were destroyed. Two years later, first lady Helen Herron Taft planted one of the first of more than 3,000 replacement trees sent from Japan. Winter's almost over: See the proof . The festival was launched more than 20 years later . It wasn't until 1935""
 ""Two types of trees dominate . In the 1912 gift of trees to Washington, there were 12 different varieties. Today, two varieties are dominant -- Yoshino and Kwanzan. Kwanzan trees are usually found in the East Potomac Park area and produce pink blossoms. The Yoshino, which produce white blossoms, are closer to the northern part of the Tidal Basin near the Washington Monument. Descendants of the original trees live in Japan . In 2011, about 120 trees propagated from D.C.'s surviving 1912 trees were sent back to Japan to preserve the genetic lineage of the symbolic trees. Over the years, cuttings from the original trees have also been returned to Japan for horticultural projects.""
 'Taft planted one of the first of more than 3,000 replacement trees sent from Japan. Winter\'s almost over: See the proof . The festival was launched more than 20 years later . It wasn\'t until 1935 that civic groups and the D.C. government came together to hold the first ""Cherry Blossom Festival."" That first official festival came after smaller commemorations including a three-day celebration in 1934 and a 1927 re-enactment of the original planting of the trees by a group of Washington school children. It\'s not all about cherry trees . That\'s right, there\'s a Blossom Kite Festival right in the middle of the cherry blossom festivities on March 28th. The festival consists of a hot tricks showdown, learning how to make and fly kites, and there\'s even a kite doctor on site to repair broken kites. Two types of trees dominate . In the 1912 gift of trees to Washington, there were 12 different varieties. Today, two varieties are dominant -- Yoshino and Kwanzan. Kwanzan trees are usually found']","The cherry trees in Washington, D.C., are significant as a symbol of friendship between Japan and the United States, originating from a 1912 gift of over 3,000 trees from Japan. They are celebrated annually during the National Cherry Blossom Festival, which attracts many visitors and highlights the cultural and historical importance of the trees. The festival includes various events, such as the Blossom Kite Festival, and showcases the beauty of the Yoshino and Kwanzan cherry tree varieties.","Cherry trees hold great significance in Washington, D.C. as they are a symbol of the friendship between the United States and Japan. The gift of cherry trees from Japan to Washington, D.C. in 1912 has led to the annual National Cherry Blossom Festival, which attracts millions of visitors each year. The cherry blossoms also represent the arrival of spring and are a beautiful sight for locals and tourists alike.",0.7441216422034161,0.875,0.9837136037544654,0.9999999999666667
What is one of the events that Hillary Clinton will be participating in during the month of March that involves a paid appearance?,"[""(CNN)After a handful events in two months, Hillary Clinton has filled her March with a mix of women's events, nonprofit speeches and at least one paid appearance. In January and February, Clinton headlined three events -- only one of which was in the United States. But as Clinton moves closer to her expected 2016 presidential campaign announcement, the former secretary or state has at least seven events scheduled for the month of March. Most of Clinton's events are focused on one thing: women. Clinton starts her month by headlining the 30th anniversary gala for Emily's List -- a pro-Clinton organization that focused on helping Democratic women win elected office. At the D.C. speech on March 3, Clinton is expected to give a nod to the group's importance to Democrats and highlight the reason more women are needed in politics. Emily's List has been energized by Clinton's campaign and has pledged to raise and spend more money than any other election cycle because of the prospect of a""
 'In 1998, Clinton put together the Vital Voices Conference of women in Belfast, a body that pressed for a piece agreement. The former secretary of state cited her experiences in Ireland during a number of speeches in 2014. O\'Dowd is a longtime Clinton supporter, though,and was a member of her 2008 campaign finance team. Some Republicans have questioned how active Clinton was in the Northern Ireland peace process. The Washington Post Fact Checker wrote in 2008 that Clinton ""seems to be overstating her significance as a catalyst in the Northern Ireland peace process, which was more symbolic than substantive,"" but that she did play ""a helpful role at the margins."" On March 19, Clinton will headline her only confirmed paid speech of the month when she heads to Atlantic City for the American Camp Association, NY & NJ Conference. Susie Lupert, the group\'s executive director, tells CNN, ""Yes, just like most nonprofits and conferences, she is being paid for her appearance."" But she would not'
 'Association, NY & NJ Conference. Susie Lupert, the group\'s executive director, tells CNN, ""Yes, just like most nonprofits and conferences, she is being paid for her appearance."" But she would not confirm how much she is being paid. On average, Clinton makes between $200,000 and $300,000 per speech. Near the end of the month, on March 23 in Washington, D.C., Clinton will be the keynote speaker at the award celebration for the Toner Prize for Excellence in Political Reporting from Syracuse University. Robin Toner, who graduated from Syracuse, was the first woman national political correspondent for the New York Times. Syracuse Dean Lorraine Branham said Clinton is a ""vivid example — like Robin — of a pioneering woman at the top of her profession."" Clinton headlining an event honoring political journalists is somewhat unique because for decades she has held a dim view of the profession. In a 1996, according to the diary of the late Clinton confidant Diane Blair, Clinton said the media']","Hillary Clinton will be participating in a paid appearance at the American Camp Association, NY & NJ Conference in Atlantic City on March 19.","Hillary Clinton will be participating in the American Camp Association, NY & NJ Conference in Atlantic City on March 19, which is a paid appearance.",0.9985233952262356,1.0,0.9445433096852055,0.9999999999666667
What role did the United States-led coalition play in the fight against ISIS according to King Abdullah II of Jordan?,"['(CNN)In his first interview since Islamic State militants burned alive a Jordanian pilot, the King of Jordan spoke to CNN\'s Fareed Zakaria about why and how the country is going after the terror group. Last December, ISIS captured Royal Jordanian Air Force pilot Moath al-Kasasbeh after his plane went down during airstrikes that were part of the United States-led coalition to defeat the group. For more than a month, al-Kasasbeh\'s family, hailing from a high-ranking tribe considered especially loyal to Jordan\'s royal family, implored ISIS to let him go. Hope that he could be spared ended in early February when a video emerged showing the 29-year-old pilot in a cage, being burned alive. King Abdullah II, an instrumental supporter of the global coalition, then said Jordan would be relentless in retaliating against ISIS. The country unleashed airstrikes. To Zakaria, Abdullah reiterated his commitment to stop ISIS. He called its fighters ""outlaws"" who twist Islam and use ""intimidation"" as'
 '(CNN)He doesn\'t wear a uniform or hold an official rank, but Hadi Al-Amari is a powerful military leader in Iraq. He leads the Hashd Al-Shaabi, a predominantly Shia paramilitary force doing much of the fighting in the critical battle to take Tikrit from ISIS extremists. Ousting ISIS from Tikrit is important for dozens of countries in the United States-led coalition trying to thwart the Islamist extremist group\'s quest to grow its caliphate. Iran isn\'t a part of this coalition, but it is also working to defeat ISIS -- something that\'s provoked both relief and alarm in Washington. Al-Amari is confident his men, with help from the Iraqi army and some Sunnis, can crush ISIS in Iraq without this coalition\'s help. He\'s sure because the Iranians are advising them. ""We don\'t need it, and we won\'t need it,"" he said. ""Anyone who puts their faith in the international coalition to liberate Iraq is putting their faith on a mirage."" Iran knows what it\'s doing, in his view. ""Yes, we declare to the'
 'in retaliating against ISIS. The country unleashed airstrikes. To Zakaria, Abdullah reiterated his commitment to stop ISIS. He called its fighters ""outlaws"" who twist Islam and use ""intimidation"" as their biggest weapon. The King told Zakaria that he didn\'t watch the video of the pilot\'s slaying. ""I -- many of us refused to see what I think is propaganda,"" Abdullah said. He felt ""disgust, sadness for the family"" and his ""heart went out to the father, the mother, the brothers, the sisters,"" the King continued. ""His wife, they\'d only been married for five months. (I felt) anger as the son of the Arab army, Jordanian armed forces. God bless his soul. He\'s a brother in arms. ""All soldiers past and present were disgusted by the brutality of what Moath was put through,"" Abdullah said. During his interview with Zakaria, the King repeatedly referred to ISIS, the Islamic State of Iraq and Syria, as Daesh. That\'s an acronym for al-Dawla al-Islamiya al-Iraq al-Sham. Many in the Middle East']","The United States-led coalition played a significant role in the fight against ISIS, with Jordan being an instrumental supporter of this global coalition. Jordan participated in airstrikes as part of the coalition's efforts to defeat ISIS. King Abdullah II reiterated his commitment to stopping ISIS and described the group's fighters as ""outlaws"" who twist Islam and use intimidation as their biggest weapon.",The United States-led coalition played a role in the fight against ISIS by conducting airstrikes in support of Jordan and other countries. King Abdullah II mentioned that Jordan coordinated with their friends in Iraq and that there is a long-term approach to fighting ISIS.,0.7791937137081898,0.6,0.9192763341979527,0.9999999999666667
"What can viewers expect from the season finale of ""The Walking Dead""?","['(CNN)Have Rick and his fellow survivors finally found a place they can settle in for the long term? That was the question left still unanswered at the end of Sunday night\'s season finale of ""The Walking Dead,"" and a finale record 15.8 million viewers tuned in to find out the answer. Rick was back in ""Ricktatorship"" mode, telling the residents of Alexandria that he knew what it took to survive and they should follow him. That led up to one of many moments where we gasped during the 90-minute finale. Here are five of the biggest gaspworthy moments: . 1. Morgan is back . We\'ve literally been looking for him all season, and Rick\'s old friend Morgan -- going all the way back to the first episode -- made a return appearance, wielding a stick he used to kick walker, and human, butt when necessary. And it was definitely necessary once he was captured by two men wearing W\'s on their heads, who, we would later learn, wanted to turn Morgan into a walker in order to join a horde of walkers they'
 'serves as showrunner, while Adam Davidson directed the pilot. ""Walking Dead"" VFX guru Greg Nicotero will also exec produce the series. While AMC has been tight-lipped on its premise, sources tell The Hollywood Reporter that the series is a prequel that takes place in Los Angeles at the onset of the zombie outbreak. AMC on Monday confirmed that the companion series is set in Los Angeles but revealed nothing more beyond that it will focus on new characters and storylines. The drama is still untitled. Read more: AMC\'s \'Walking Dead\' Prequel: All the Details (So Far) Cliff Curtis (""Gang Related"") stars as Sean Cabrera, a teacher who shares a son with his ex-wife. ""Sons of Anarchy\'s"" Kim Dickens is set to co-star as Nancy, a guidance counselor who works at the school with Sean and is seeing him romantically. Frank Dillane (""Harry Potter and the Half-Blood Prince"") co-stars as Nancy\'s son Nick, who has battled a drug problem; and Alycia Debnam Carey (""Into the Woods"") is set as Nancy\'s'
 '(CNN)They thought they had found a paradise. They thought wrong. The resolution of the Alexandria story arc is the first of six things you should watch this week. 1. ""The Walking Dead,"" 9 p.m. ET Sunday, AMC . ""The Walking Dead\'s"" season-long plotline involving a group that headed north from Atlanta all comes to a head in a 90-minute season finale on Sunday night. It\'s been a season in which Sonequa Martin-Green\'s character, Sasha, stood out: She\'s on the verge of insanity after the deaths of her brother and many friends. ""We went to a very deep place,"" Martin-Green said. ""It was hard, depressing, bad and thrilling all at the same time. A lot of the stuff was quite challenging for me. It was something I can definitely look back on and be proud of."" With Rick having gone on a blood-soaked, gun-wielding rant in front of the leaders of the Alexandria community, his fate and that of his fellow survivors hangs in the balance. ""There\'s gonna be all the twists and turns you would expect and']","Viewers can expect a 90-minute season finale with many gaspworthy moments, including the return of Rick's old friend Morgan. The episode will also feature Rick in ""Ricktatorship"" mode, asserting his leadership over the Alexandria residents. Additionally, the fate of Rick and his fellow survivors will hang in the balance, with plenty of twists and turns.","The season finale of ""The Walking Dead"" is expected to be a jam-packed episode filled with twists and turns. It has been extended to 90 minutes due to the amount of content packed into it. Viewers can expect a supersized monstrosity of an episode that will go down as one of the best in the show's history.",0.4666954349698583,1.0,0.9739652244124546,0.8333333332916666
What is the significance of the Tunisian jihadist in relation to the terrorist attack at the Bardo Museum?,"['(CNN)Wednesday\'s terrorist attack, which killed 23 people, hit Tunisia where it hurt by targeting its flourishing tourism industry. The deadly attack on the prominent Bardo Museum near Tunisia\'s parliament in the country\'s capital, Tunis, is the latest instance of an armed assault carried out by gunmen willing to fight to the death, a tactic that has been widely adopted by jihadist terrorists in recent years, including in North Africa. Such attacks mimic the 2008 Mumbai assaults in which 10 gunmen from Pakistan went on a rampage in the massive Indian port city. They took hostages and killed more than 160 people over a three-day period, in an attack that drew  sustained global TV coverage. The gunmen attacked iconic Mumbai targets such as the Taj hotel, which is frequented by Westerners. The Mumbai gunmen embarked on their attack knowing that it was a ""fedayeen"" mission -- meaning ""those who sacrifice themselves"" -- and that they would probably fight to the death. Only one gunman'
 ""(CNN)The attack on Tunisia's famed Bardo Museum is just the latest evidence that parts of North and sub-Saharan Africa have become a magnet for Islamist extremism. Tunisia -- lying just across the Mediterranean from Europe, but bordered on one side by Libya and on the other by Algeria -- has until now not suffered the kind of large-scale terror attacks seen in both those nations in recent years. But it has emerged as a place of increasing concern as the threat of Islamist extremism has intensified in the region. Islamist terrorists also have struck in Algeria, where they killed at least 37 hostages at a gas field in 2013, and in Libya, where terrorists killed the U.S. ambassador and three others in 2012 and where ISIS has established a beachhead in the east. Al Qaeda's North African offshoot Al Qaeda in the Islamic Maghreb (AQIM), which has its roots in Algeria, has captured territory in Mali and taken hostages -- often Europeans -- in countries such as Niger and Mauritania. So what is""
 '(CNN)The terrorists who attacked the Bardo Museum in Tunis, Tunisia, last week were wearing suicide vests but failed to detonate them before being gunned down by police, Tunisia\'s President told CNN. ""They had them, but they didn\'t work, because the police turned up and they were shot down and they didn\'t have the time to get these vests to work. Because had they done so, we would have had major catastrophe,"" President Beji Caid Essebsi told CNN\'s Christiane Amanpour. A third museum attacker remains at large, Essebsi said. Previously two suspects had been identified -- Yassine Labidi and Saber Khachnaou -- though it wasn\'t immediately clear if they were the pair killed at the museum by Tunisian security forces. Essebsi told Amanpour 15 arrests had been made since Wednesday\'s attack, in which 23 people were killed. Most of the victims were foreigners and 19 were tourists who\'d been on two cruise ships that docked in Tunis. Essebsi said he believed the attackers were members of ISIS who']","The significance of the Tunisian jihadist in relation to the terrorist attack at the Bardo Museum is that it highlights the growing threat of Islamist extremism in Tunisia, a country that had previously not experienced large-scale terror attacks like its neighbors Algeria and Libya. The attack, which killed 23 people, primarily targeted the tourism industry and involved tactics similar to those used in other high-profile jihadist attacks, indicating the influence of groups like ISIS in the region. This incident underscores Tunisia's emerging vulnerability to such extremist threats.","The significance of the Tunisian jihadist in relation to the terrorist attack at the Bardo Museum is that he had tweeted about a pledge of allegiance to Abu Bakr al-Baghdadi, the leader of ISIS, which was coming soon. This suggests that the attack could be ISIS' debut in Tunisia and was timed to precede a pledge of allegiance from Tunisian jihadis for maximum impact.",0.3861067345027454,1.0,0.9999988383739454,0.9999999999666667
How did the undercover FBI informant play a role in the arrest of the Army National Guard member and his cousin for allegedly conspiring to provide material support to ISIS?,"['(CNN)An Army National Guard member and his cousin have been arrested in Illinois for allegedly conspiring to provide material support to the terrorist organization ISIS, federal prosecutors said Thursday. The alleged plot included a plan to attack a U.S. military installation in Illinois. In the past 18 months, the Justice Department\'s National Security Division has prosecuted or is prosecuting 32 cases of people attempting to travel abroad to join or providing support to terrorist groups. Of those cases, 18 allegedly involve support to ISIS. Spc. Hasan Edmonds, 22, was arrested Wednesday night at Chicago Midway International Airport while attempting to travel to Egypt to eventually join ISIS, according to Assistant Attorney General for National Security John P. Carlin and other federal officials said. His cousin, Jonas ""Yunus"" Edmonds, 29, was arrested at his home in Aurora in connection with an alleged plot to carry out an armed attack on an unspecified U.S. military facility in'
 'officials said. His cousin, Jonas ""Yunus"" Edmonds, 29, was arrested at his home in Aurora in connection with an alleged plot to carry out an armed attack on an unspecified U.S. military facility in northern Illinois where Hasan Edmonds had been training. The two U.S. citizens were charged, in criminal complaints filed in U.S. District Court of the Northern District of Illinois, with one count each of conspiring to provide material support and resources to a foreign terrorist organization. The cousins made an initial appearance Thursday afternoon before U.S. Magistrate Judge Sheila Finnegan. Why is ISIS so successful at luring Westerners? After an undercover FBI informant posing as an ISIS fighter outside the United States sent Hasan Edmonds a Facebook ""friend"" request in late 2014, he began to receive private messages from him indicating that he and his cousin were willing to travel to overseas and fight for ISIS, according to the court documents. ""InshAllah we will complete our task'
 'to provide material support to terrorists,"" authorities said. He ""planned to travel to the Middle East to provide his services to radical groups engaged in armed conflict in Syria,"" according to a complaint. On February 2, 2014, an undercover agent met with Wolfe and his wife and they watched a YouTube video about foreign fighters in Syria, officials said. Wolfe allegedly discussed the activities of ISIS, they said. The 18-year-old from Inver Grove Heights, Minnesota, pleaded guilty at a Minneapolis federal court to one count of conspiracy to provide material support to ISIS . Yusuf was stopped by the FBI from boarding a flight to Turkey from Minneapolis/Saint Paul Airport in May. Yusuf and another man, Abdi Nur, were charged in late November with conspiring to aid ISIS. Conley\'s plan to join ISIS and serve as a nurse at a jihadist camp ended in September with a guilty plea on a terror charge in a Colorado federal court. Arrested in April, the 19-year-old was at Denver International']","The undercover FBI informant played a crucial role by posing as an ISIS fighter and sending Hasan Edmonds a Facebook ""friend"" request in late 2014. This led to private messages in which Hasan Edmonds and his cousin Jonas Edmonds expressed their willingness to travel overseas and fight for ISIS. These communications provided evidence that contributed to their arrest.","The undercover FBI informant played a role in the arrest by sending a Facebook friend request to Hasan Edmonds, posing as an ISIS fighter. This led to private messages between the informant and Hasan Edmonds, where they discussed their willingness to travel overseas and fight for ISIS. The informant provided information to the authorities, which ultimately led to the arrest of Hasan Edmonds and his cousin.",0.6750577671028701,1.0,0.8171146415003877,0.9999999999666667
How does the new Red brand aim to leverage Radisson's brand awareness?,"['Carlson Rezidor, which is hueing (sic) toward Red and Blu. Blu came about in 2009, after airline SAS withdrew from a partnership with Radisson. After the split, Radisson SAS, a collection of European design hotels, needed a new name. ""We wanted to replace SAS with an equally short name,"" says Rose Anderson, vice president of branding for the Carlson Rezidor Hotel Group. ""We liked using blue from the old SAS logo, because it brought in the heritage of the former brand. ""At the same time, we were looking for a word with positive worldwide connotations ... and blue is the world\'s favorite color."" So blue or bleu became Blu, a trademarkable spelling. Carlson Rezidor recently announced a new Red brand that will, according to Anderson, ""build on the Blu concept and further leverage Radisson\'s brand awareness."" New brands are also being dubbed with what may seem to be random nouns. But there\'s nothing random about them. Last year, InterContinental Hotels Group (IHG) rolled out EVEN, a new'
 'brand awareness."" New brands are also being dubbed with what may seem to be random nouns. But there\'s nothing random about them. Last year, InterContinental Hotels Group (IHG) rolled out EVEN, a new brand cultivated for the growing wellness-minded audience, with two properties in the United States. EVEN expresses the desire for the balance travelers are seeking, says an IHG spokesperson. In its logo, specific colors were chosen to represent elements of nature. The four vertical bars of the logo are off-kilter, while the EVEN letters are composed on a flat horizontal line, representing the brand promise of helping guests stay in balance. Malaysia-based Tune Hotels provides ""five-star beds at a one-star price."" The group has more than 40 properties worldwide, including five in London. Some in its management group were previously senior executives in the music business. It makes sense, then, that a travel company with a musical name would attempt to strike a global chord. Adding to the'
 'to insert themselves into a meaningful relationship with constituents who can turn on them at any second. This trend of demanding more authenticity from brands they invest in, and rewarding brands for it, has been accelerating with consumers across the U.S. over the course of the very same seven years since Clinton last ran for president. Since consumers are also voters, it stands to reason that any political brand -- including Hillary Clinton -- should look even more seriously today at how to increase its value by focusing on perceptions of its authenticity.']",The new Red brand aims to leverage Radisson's brand awareness by building on the Blu concept. This strategy involves using the established recognition and positive associations of the Radisson brand to promote and develop the new Red brand.,The new Red brand aims to leverage Radisson's brand awareness by building on the Blu concept and further leveraging Radisson's brand awareness.,0.8455984035072821,1.0,0.9609340845645938,0.99999999995
When are the peak blooms expected during the National Cherry Blossom Festival in Washington?,"[""Washington (CNN)There should be plenty of pent-up anticipation among cherry blossom fans in Washington this spring. Peak blooms are expected at the tail end of the three-week-long National Cherry Blossom Festival, which kicks off Friday and runs through April 12. The fluttering pink and white blossoms are expected to hit their peak between April 11 and April 14. Here are five things to know about the eagerly awaited D.C. blossoms: . The city's first cherry trees were destroyed . In 1910, 2,000 cherry trees arrived in Washington, thanks to a gift from the city of Tokyo and the advocacy of Eliza Ruhamah Scidmore, one of the first female board members of the National Geographic Society. These trees, however, were riddled with disease and were destroyed. Two years later, first lady Helen Herron Taft planted one of the first of more than 3,000 replacement trees sent from Japan. Winter's almost over: See the proof . The festival was launched more than 20 years later . It wasn't until 1935""
 '(CNN)In Washington, we are seeing the re-emergence this year of a phenomenon that many Americans were afraid had gone extinct: real live no-joke bipartisanship. Heavyweights from both parties are attending the March 26 Bipartisan Summit on Criminal Justice Reform. The event is co-produced by Gingrich Productions (on the right) and by my project, #cut50 -- an initiative that aims to safely halve the number of people behind bars within 10 years. Attorney General Eric Holder will be speaking. So will Newt Gingrich, the Republican former House speaker. Sen. Cory Booker, D-New Jersey, will be there. So will Democratic strategist and CNN commentator Donna Brazile, a co-host of the summit. Republican power players like former Texas Gov. Rick Perry, Ohio Gov. John Kasich and Sen. Mike Lee, R-Utah, will address the gathering by video. So will President Obama. Progressives like myself will rub shoulders with representatives from Koch Industries. Everyone keeps asking me, ""How is this possible?""'
 'Taft planted one of the first of more than 3,000 replacement trees sent from Japan. Winter\'s almost over: See the proof . The festival was launched more than 20 years later . It wasn\'t until 1935 that civic groups and the D.C. government came together to hold the first ""Cherry Blossom Festival."" That first official festival came after smaller commemorations including a three-day celebration in 1934 and a 1927 re-enactment of the original planting of the trees by a group of Washington school children. It\'s not all about cherry trees . That\'s right, there\'s a Blossom Kite Festival right in the middle of the cherry blossom festivities on March 28th. The festival consists of a hot tricks showdown, learning how to make and fly kites, and there\'s even a kite doctor on site to repair broken kites. Two types of trees dominate . In the 1912 gift of trees to Washington, there were 12 different varieties. Today, two varieties are dominant -- Yoshino and Kwanzan. Kwanzan trees are usually found']",The peak blooms during the National Cherry Blossom Festival in Washington are expected between April 11 and April 14.,The peak blooms are expected between April 11 and April 14.,0.7347229889093867,1.0,1.0,0.8333333332916666
What is Zhanna Nemtsova's opinion on the Russian investigation into her father's assassination?,"['blamed extremists and protesters who he said were trying to stir internal strife in Russia. Many opposition sympathizers and people close to Nemtsov have pointed the finger at Putin and the Russian government he leads. They note that Nemtsov -- the deputy prime minister under former President Boris Yeltsin -- is the latest in a list of Putin\'s opponents who have been killed or imprisoned. Nemtsov had also been arrested several times for speaking against the government. In her first TV interview since her father\'s death, Nemtsova told CNN that Putin shares ""political responsibility"" for her father\'s assassination. She spoke from Germany. ""I don\'t believe in the official investigation,"" she said Saturday. Other opposition figures previously jailed or killed include Anna Politkovskaya, a journalist critical of Russia\'s war in Chechnya. She was gunned down at the entrance to her Moscow apartment in 2006. There was also business magnate Mikhail Khodorkovsky, who backed an opposition party'
 'of the case except what is in the media. ""I don\'t know where his cellphone and his personal belongings are, so I know only those things which are released or published in the press and nothing else, nothing else,"" she told CNN from Germany, where she is staying for a few days. ""As I have already said, I don\'t have any faith in this investigation."" Nemtsova said she loved her father ""more than anyone else in my life"" and that the two were very close. ""I think that he died a hero,"" she said. ""He was a very brave man, and he was clever, he was a great thinker and he was a brilliant physicist,"" having published dozens of articles on the subject, she said. He was also an economist and pacifist, she said, who most recently had been critical of the Kremlin\'s handling of the Ukraine crisis. ""I know that some Russian officials kept saying that he was not dangerous, but ... in an authoritarian regime, any person who does not agree with politics -- who criticizes the official standpoint -- is'
 'Moscow (CNN)Russia\'s president shares ""political responsibility"" for the assassination of opposition leader Boris Nemtsov, the late politician\'s daughter said Friday in her first TV interview since his death in central Moscow last week. Zhanna Nemtsova, who said she has no faith in the Russian investigation into the killing, said she believes his death will only deter other opposition voices, rather than embolden them. ""I cannot blame him (Putin) directly, (but) I would say that our authorities, including the president of Russia, have political responsibility as the head of state,"" Nemtsova told CNN\'s Matthew Chance. Nemtsova says she has no evidence about who ordered the murder, but that ""it\'s evident that it\'s politically motivated."" Nemtsov, 55, was shot dead last Friday night as he walked near the Kremlin with his girlfriend. A former deputy prime minister, he was one of Putin\'s harshest critics and had been arrested several times for speaking against the government. No one has']",Zhanna Nemtsova has no faith in the Russian investigation into her father's assassination. She believes the investigation is not trustworthy and has expressed skepticism about its findings. She also stated that she only knows what has been released or published in the press.,Zhanna Nemtsova said she has no faith in the Russian investigation into the killing.,0.4869057785698225,1.0,0.0,0.9999999999666667
Who was one of Putin's harshest critics?,"['Moscow (CNN)In his first substantive comments since Kremlin critic Boris Nemtsov\'s death, Russian President Vladimir Putin on Wednesday called the killing a ""disgrace"" and lashed out at what he called ""extremists"" and protesters. Nemtsov had been one of Putin\'s harshest critics and had been arrested several times for speaking against the President\'s government. The 55-year-old opposition leader was gunned down Friday night in Moscow as he walked across a bridge about 100 meters (330 feet) from the Kremlin with his girlfriend, Ukrainian model Anna Duritskaya, 23. His slaying spurred thousands to rally in his honor in Moscow, with many calling him a true Russian patriot at his funeral Tuesday. Nemtsov isn\'t the first of Putin\'s critics to turn up dead, with others including Anna Politkovskaya (who was fatally shot) and Alexander Litvinenko (who was poisoned). The Kremlin has staunchly denied accusations that it\'s targeting political opponents or had anything to do with the deaths. The'
 ""(CNN)Slain Russian opposition leader Boris Nemtsov isn't the first critic of President Vladimir Putin to turn up dead. Some Putin opponents claim it isn't a coincidence that critics of the powerful leader and his government have been killed or landed behind bars. But the Kremlin has staunchly denied accusations that it's targeting political opponents or had anything to do with the deaths. Here's a look at some cases of outspoken critics of Putin's government who've ended up in exile, under house arrest, behind bars or dead. The business magnate backed an opposition party and accused Putin of corruption. He spent more than 10 years behind bars on charges of tax evasion and fraud. In statements to CNN, Khodorkovsky said his prosecution was part of a Kremlin campaign to destroy him and take control of Yukos, the oil company he built from privatization deals in the 1990s. The Kremlin denied the accusation. At the time of Khodorkovsky's sentencing, the Russian Foreign Ministry said in a""
 ""Vladimir Putin's most outspoken critics, was shot in the back on a Moscow bridge as he walked with his girlfriend near the Kremlin in February 27. The three suspects visited by Tsvetkov deny they are guilty and have appealed their arrests, he said. Putin has condemned Nemtsov's killing and ordered three law enforcement agencies to investigate, the Kremlin has said. He also wrote to Nemtsov's mother, saying he shared her grief, and promised to bring those behind the killing to justice. CNN's Matthew Chance and Alla Eshchenko reported from Moscow, and Steve Almasy wrote from Atlanta. CNN's Elwyn Lopez and Karen Smith contributed to this report.""]",Boris Nemtsov was one of Putin's harshest critics.,Boris Nemtsov,0.2314434896417411,1.0,1.0000000000000002,0.9999999999666667
"What factors could affect the selection of the new Senate Democrats leader, considering left-leaning activists and organized labor's concerns about free trade agreements?","['(CNN)Sen. Harry\'s Reid\'s perfunctory announcement on Friday that he won\'t seek re-election next year -- leaving a vacancy for leadership of the Senate Democrats -- was followed, hours later, by a matter-of-fact statement in an interview with The Washington Post: ""I think Schumer should be able to succeed me."" That would usher in a whirlwind of activity on Capitol Hill in the next year as New York\'s senior senator prepares to seize the reins of power -- and retool the party as a center-left powerhouse that can win and hold a majority in 2016 and beyond. Left-leaning activists have begun scrambling to block Chuck Schumer\'s rise. The progressive organization Democracy for America is calling for Sen. Elizabeth Warren to seek the leadership post, and the left-leaning Daily Kos website is circulating a poll seeking other challengers and denouncing Schumer as too close to the ""Wall Street wing"" of the Democratic Party. With more than a year to go before Senate Democrats will choose a new'
 '(CNN)Organized labor is up in arms about President Barack Obama\'s effort to obtain fast-track authority to finalize a free trade agreement in the Asia Pacific that involves 11 nations. The agreement, union leaders argue, threatens to take even more jobs away from Americans. AFL-CIO President Richard Trumka sent a clear message to members of Congress, warning, ""There is such a dramatic impact on the standard of living and lowering of wages and a loss of jobs -- this will have a major impact, and then we will not forget this vote for a long time."" The AFL-CIO announced that it would withhold donations to political action committees until this controversy cleared up. The tension between organized labor and Obama is not new. The struggles have been going on since 2009 when the President allowed the Employee Free Choice Act to wither in Congress. The act would require that a union be deemed as legitimate when it had the support of a majority of employees and imposed tough penalties on'
 'no longer believed that organized labor was a major player within their party, as they had been during the creation of the New Deal and Great Society. As organized labor became a smaller part of the American workforce, Democratic politicians were not as determined to court their vote. A larger number of Democrats since the 1970s have been elected by upper middle class suburban constituencies in which unions are not a big presence. These voters have been more concerned in a style of liberalism that revolves around quality of life issues, such as environmental regulation, than they are with middle class jobs. Many Democrats leaders embraced a vision of economic policy that centered on deregulation and free markets. New voices that came into the Democratic Party after the 1960s wanted to challenge Republicans by offering a more centrist vision of economic policy. The opportunities for Democrats to embrace a more pro-union agenda have only intensified with the fierce assault taking place']","The selection of the new Senate Democrats leader could be influenced by left-leaning activists' opposition to Chuck Schumer, who they view as too close to Wall Street, and their support for a more progressive candidate like Sen. Elizabeth Warren. Additionally, organized labor's concerns about free trade agreements and their impact on jobs and wages could push for a leader who aligns more closely with pro-labor policies. These factors suggest a potential shift towards a candidate who can balance progressive economic policies with broader party goals.","Left-leaning activists and organized labor's concerns about free trade agreements could affect the selection of the new Senate Democrats leader. Activists are calling for Sen. Elizabeth Warren to seek the leadership post, while labor unions are concerned about the impact of free trade agreements on jobs and wages. These factors could influence the decision-making process and potentially lead to a different leader being chosen.",0.7014602104786398,1.0,0.9472782243649616,0.9999999999666667
"How did the USS Sterett and USS New York coordinate the rescue of the Saudi Arabia air force pilots in the Gulf of Aden, and what was the role of the Djibouti rescue helicopter?","['(CNN)The U.S. Navy rescued two Saudi Arabia air force pilots from the Gulf of Aden, a U.S. military official said Friday. The pilots had ejected from their F-15 aircraft after it suffered mechanical failure, Saudi officials told U.S. sources. The two were not seriously injured. The USS Sterett, a guided-missile destroyer, coordinated the search, while the USS New York looked for the men. A rescue helicopter flew from Djibouti to retrieve them on Thursday. Saudi Arabia is leading a coalition military operation to quell a rebellion by Houthi militias in Yemen. The United States supports the operation,  but is not participating in it. Three U.S. Navy ships are standing by in the Gulf of Aden for future recovery operations. U.S. manned aircraft are not permitted to fly in Yemen airspace under the current rules of engagement.'
 'capital of Sanaa and on Wednesday captured parts of its second-largest city, Aden. The Saudis consider the Houthis proxies for the Shiite government of Iran and fear another Shiite-dominated state in the region. ""What they do not want is an Iranian-run state on their southern border,"" CNN military analyst Lt. Col. Rick Francona said of the Saudis. The airstrikes did not include warplanes from the United States, which has worked with Yemeni governments -- including that of recently deposed but still battling President Abdu Rabu Mansour Hadi -- to go after al Qaeda in the Arabian Peninsula. In fact, a senior official in President Barack Obama\'s administration said ""there will be no military intervention by the U.S."" But U.S. Secretary of State John Kerry on Thursday did tell foreign ministers from Saudi Arabia, the UAE, Qatar, Kuwait, Bahrain and Oman that the United States commends the military action and is supporting it through intelligence sharing, targeting assistance and'
 ""the helicopter, which searchers found at the bottom of the Santa Rosa Sound near Eglin Air Force Base, as well as the bodies of all seven Marines and four Louisiana Army National Guard members who were aboard. CNN's Greg Botelho contributed to this report.""]","The USS Sterett coordinated the search for the Saudi Arabia air force pilots, while the USS New York assisted in looking for them. The rescue helicopter from Djibouti played a crucial role by flying to the location and retrieving the pilots on Thursday.","The USS Sterett, a guided-missile destroyer, coordinated the search for the Saudi Arabia air force pilots in the Gulf of Aden. The USS New York looked for the pilots. A rescue helicopter flew from Djibouti to retrieve them.",0.8443291767063772,1.0,0.9413048223688358,0.99999999995
When will Hillary Clinton announce her 2016 presidential campaign and who will replace Harry Reid as the leader of the Senate Democrats?,"[""(CNN)After a handful events in two months, Hillary Clinton has filled her March with a mix of women's events, nonprofit speeches and at least one paid appearance. In January and February, Clinton headlined three events -- only one of which was in the United States. But as Clinton moves closer to her expected 2016 presidential campaign announcement, the former secretary or state has at least seven events scheduled for the month of March. Most of Clinton's events are focused on one thing: women. Clinton starts her month by headlining the 30th anniversary gala for Emily's List -- a pro-Clinton organization that focused on helping Democratic women win elected office. At the D.C. speech on March 3, Clinton is expected to give a nod to the group's importance to Democrats and highlight the reason more women are needed in politics. Emily's List has been energized by Clinton's campaign and has pledged to raise and spend more money than any other election cycle because of the prospect of a""
 '(CNN)Sen. Harry\'s Reid\'s perfunctory announcement on Friday that he won\'t seek re-election next year -- leaving a vacancy for leadership of the Senate Democrats -- was followed, hours later, by a matter-of-fact statement in an interview with The Washington Post: ""I think Schumer should be able to succeed me."" That would usher in a whirlwind of activity on Capitol Hill in the next year as New York\'s senior senator prepares to seize the reins of power -- and retool the party as a center-left powerhouse that can win and hold a majority in 2016 and beyond. Left-leaning activists have begun scrambling to block Chuck Schumer\'s rise. The progressive organization Democracy for America is calling for Sen. Elizabeth Warren to seek the leadership post, and the left-leaning Daily Kos website is circulating a poll seeking other challengers and denouncing Schumer as too close to the ""Wall Street wing"" of the Democratic Party. With more than a year to go before Senate Democrats will choose a new'
 ""(CNN)Hillary Clinton held a closed door meeting with President Barack Obama at the White House on Monday.  Although the former secretary of state, senator and first lady has not declared, it is treated as a foregone conclusion that Clinton is running for president. Likely to launch her campaign in April, Clinton is regarded as the front-runner — if not the only Democratic candidate — and the inevitable Democratic nominee. There is an assumption that since Clinton supported Obama, the black community will now embrace her.  But there are more than a few who didn't get that memo.  At this stage of the game, many African-Americans may not be excited about a candidate Hillary Clinton in 2016. And after two terms of the nation's first black president, she should proceed with caution. Clinton need look no further than the 2008 contest, when black voters doused water on her presidential prospects.  Early on, Clinton was the favorite of black folks, lest you forgot, and it did not hurt that""]",Hillary Clinton is likely to announce her 2016 presidential campaign in April. It is suggested that Chuck Schumer should replace Harry Reid as the leader of the Senate Democrats.,Hillary Clinton is expected to announce her 2016 presidential campaign in April. Chuck Schumer is expected to replace Harry Reid as the leader of the Senate Democrats.,0.9968522277400136,1.0,0.8875185428036176,0.9999999999666667
What does King Abdullah II think about ISIS establishing a caliphate and Bashar al-Assad's stance on combating ISIS?,"['his interview with Zakaria, the King repeatedly referred to ISIS, the Islamic State of Iraq and Syria, as Daesh. That\'s an acronym for al-Dawla al-Islamiya al-Iraq al-Sham. Many in the Middle East prefer to use Daesh because, to them, the acronym ISIS suggests the terror group is a legitimate state. They refuse to give the militants that much credit. ""I think if ISIS, or Daesh as we call them, try to intimidate Jordanians ... just (has) the reverse effect,"" Abdullah said. ""If you look at our history, we\'re a country that\'s used to being outgunned and outnumbered. We\'ve always punched way above our weight. I think, if anything, Daesh has us as a tiger by the tail."" The pilot\'s killing ""just motivated Jordanians to rally around the flag,"" he said. ""The gloves have come off."" ISIS is ""always trying to intimidate, scare, put fear in people\'s hearts,"" the King told Zakaria. ""They are trying to invent falsely a linkage to a caliphate, link to our history in Islam that has no truth or'
 'in retaliating against ISIS. The country unleashed airstrikes. To Zakaria, Abdullah reiterated his commitment to stop ISIS. He called its fighters ""outlaws"" who twist Islam and use ""intimidation"" as their biggest weapon. The King told Zakaria that he didn\'t watch the video of the pilot\'s slaying. ""I -- many of us refused to see what I think is propaganda,"" Abdullah said. He felt ""disgust, sadness for the family"" and his ""heart went out to the father, the mother, the brothers, the sisters,"" the King continued. ""His wife, they\'d only been married for five months. (I felt) anger as the son of the Arab army, Jordanian armed forces. God bless his soul. He\'s a brother in arms. ""All soldiers past and present were disgusted by the brutality of what Moath was put through,"" Abdullah said. During his interview with Zakaria, the King repeatedly referred to ISIS, the Islamic State of Iraq and Syria, as Daesh. That\'s an acronym for al-Dawla al-Islamiya al-Iraq al-Sham. Many in the Middle East'
 'have that Syrian President Bashar al-Assad is interested in combating ISIS, meaning al-Assad and Abdullah have common enemies. ISIS has gained strength by exploiting the unrest in Syria during its ongoing civil war. That war is the result of unrest in Syria that originally started in 2011 within the context of the Arab Spring, protests for democracy or changes in government that raged in parts of the Middle East and North Africa in 2010 and 2011. Syrian protesters, in 2011, wanted to bring change to the government which they said stifled expression in the harshest ways. The al-Assad regime violently cracked down on the demonstrators, chaos erupted throughout Syria, and eventually many on the international stage came to believe al-Assad should go. The King told Zakaria that the ""history of dealing with"" the al-Assad regime and the ""history of dealing with"" ISIS are two separate things. ""What has taken prominence at the moment is ISIS, Daesh,"" he said. Abdullah rhetorically asked']","King Abdullah II believes that ISIS's attempt to establish a caliphate is based on falsehoods and has no truth in Islamic history. He views ISIS fighters as outlaws who twist Islam and use intimidation as their primary weapon. Regarding Bashar al-Assad, Abdullah acknowledges that both he and al-Assad have a common enemy in ISIS, but he distinguishes between the history of dealing with the al-Assad regime and dealing with ISIS.","During his interview with Zakaria, the King repeatedly referred to ISIS, the Islamic State of Iraq and Syria, as Daesh. That's an acronym for al-Dawla al-Islamiya al-Iraq al-Sham. Many in the Middle East prefer to use Daesh because, to them, the acronym ISIS suggests the terror group is a legitimate state. They refuse to give the militants that much credit.",0.4904719964561646,1.0,0.9632166895293236,0.8333333332916666
What nationalities were the Bardo Museum attack victims and how did the Tunisian security forces respond?,"['(CNN)The terrorists who attacked the Bardo Museum in Tunis, Tunisia, last week were wearing suicide vests but failed to detonate them before being gunned down by police, Tunisia\'s President told CNN. ""They had them, but they didn\'t work, because the police turned up and they were shot down and they didn\'t have the time to get these vests to work. Because had they done so, we would have had major catastrophe,"" President Beji Caid Essebsi told CNN\'s Christiane Amanpour. A third museum attacker remains at large, Essebsi said. Previously two suspects had been identified -- Yassine Labidi and Saber Khachnaou -- though it wasn\'t immediately clear if they were the pair killed at the museum by Tunisian security forces. Essebsi told Amanpour 15 arrests had been made since Wednesday\'s attack, in which 23 people were killed. Most of the victims were foreigners and 19 were tourists who\'d been on two cruise ships that docked in Tunis. Essebsi said he believed the attackers were members of ISIS who'
 ""Tunis (CNN)The bodies of four Italian tourists slain in a terror attack on Tunisia's Bardo Museum three days ago arrived back in Italy on Saturday, an official with the Tunis Crisis Center told CNN, but 14 victims' remains still lie in the morgue. As Tunisia gets back on its feet, the investigation into Wednesday's shooting at the Tunis landmark continues. Most of the 23 victims were foreigners, making the process of identification more complicated. Nineteen of them were tourists who'd been on two cruise ships that docked in Tunis. French, Spanish, Italian, British, Japanese, Russian and Colombian citizens are among those to have been formally identified so far. The bodies of the Italians were met in Rome by Italian Prime Minister Matteo Renzi, who paid his respects to the victims and their families in a brief ceremony. Eleven people who were injured in the attack remained in the hospital in Tunisia on Saturday, the official at the Tunis Crisis Center said. Tunisian Prime Minister""
 'Tunis (CNN)Tunisian President Beji Caid Essebsi confirmed that a third person took part in last week\'s Bardo museum terror attack in an interview Sunday with French TV Station iTele. ""There were for certain three terrorists,"" Essebsi said.  ""There is one on the run. He will not get far."" Previously two suspects had been identified -- Yassine Labidi and Saber Khachnaou -- though it wasn\'t immediately clear if they were the pair killed at the museum by Tunisian security forces. He said Yassine was ""known to the security services, he was flagged and monitored,"" but not known or being followed for anything special. Authorities have arrested nine people in connection with the attack, including four directly linked to it, according to Essebsi. The development came a day after the bodies of four Italian tourists slain in the attack arrived back in Italy, an official with the Tunis Crisis Center told CNN, but 14 victims\' remains still lie in the morgue. Most of the 23 victims were foreigners,']","The victims of the Bardo Museum attack included French, Spanish, Italian, British, Japanese, Russian, and Colombian citizens. Tunisian security forces responded by gunning down two of the attackers, who were wearing but failed to detonate suicide vests, and making several arrests, including nine people connected to the attack. A third attacker remains at large.","The victims of the Bardo Museum attack included individuals from various nationalities, including Spain, Colombia, Italy, Japan, France, Poland, Belgium, Russia, and the United Kingdom. Tunisian security forces responded quickly to the attack and were able to prevent further tragedy by neutralizing the attackers and avoiding the use of explosives that were found on them.",0.5433582693253888,1.0,0.9169647489273648,0.9999999999666667
How did W Hotels become a pioneer in the hospitality industry by understanding millennials?,"['in pre-social media 1998. ""Starwood was the first hotel company to look directly at the customer as it evolved a new brand,"" says Paul James, global brand leader of W Hotels Worldwide, St. Regis and The Luxury Collection. W\'s target customer was a fashionable, high-energy individual -- someone who\'d now likely be described as having a millennial psychographic. Starwood defined the brand by adding its ""Whatever, Whenever"" tagline to the simple W logo. Cornell\'s Dev says Starwood further imbued the brand with meaning by using words like witty, warm and welcoming in its advertising and marketing material. More than 15 years later, the W Hotel brand has more than 70 properties open or in development worldwide. Journalist Laura Powell started covering the travel industry for CNN in the 1980s. Her focus is on  international travel news and trends. Read more of her work at www.dailysuitcase.com. Twitter: @dailysuitcase.'
 'Look to millennials and psychographics -- the study of personality, attitudes, interests and lifestyles. Psychologists say the millennial psychographic is made up of independent-minded, adventurous individuals in search of new experiences. Hospitality brands are crafting their marketing strategies accordingly. ""Hotel companies are lazering in on consumer needs by using psychographic data in a big way,"" says Matthew Von Ertfelda, Marriott\'s vice president for insight, strategy and innovation. The explosion of social media also has a starring role in the name game. Brands of the 21st century need to have handles that resonate in the global, online world, say the pros. ""Thanks to social media, millennials are the first global generation,"" says Dr. Donna Quadri-Felitti, academic chair of New York University\'s School of Professional Studies Tisch Center for Hospitality and Tourism. ""And since this generation is so enamored with texting and tweeting, hotels really have to think how names'
 'in its management group were previously senior executives in the music business. It makes sense, then, that a travel company with a musical name would attempt to strike a global chord. Adding to the medley of avant garde brands, Germany\'s Steigenberger Hotel Group\'s Amsterdam hotel Jaz in the City will open in September, with others scheduled to follow. According to Steigenberger Hotel Group, coming Jaz in the City properties will be ""hip and happening hotels"" that ""move to the rhythm of today\'s curious global traveler"" who has a ""desire to embrace authentic experiences in a city hotel."" You can\'t explore the hospitality industry\'s desire to appeal to the millennial mindset without nodding to W Hotels by Starwood. The brand now seems to have been ahead of its time with hotels that opened in pre-social media 1998. ""Starwood was the first hotel company to look directly at the customer as it evolved a new brand,"" says Paul James, global brand leader of W Hotels Worldwide, St. Regis and']","W Hotels became a pioneer in the hospitality industry by targeting a fashionable, high-energy individual, now described as having a millennial psychographic. They defined their brand with the ""Whatever, Whenever"" tagline and used words like witty, warm, and welcoming in their marketing. This approach resonated with the independent-minded, adventurous millennials in search of new experiences.","W Hotels became a pioneer in the hospitality industry by understanding millennials through their focus on the fashionable, high-energy individual and by using words like witty, warm, and welcoming in their advertising and marketing material. They also defined the brand with their ""Whatever, Whenever"" tagline, which resonated with the millennial psychographic. This understanding of millennials helped W Hotels to establish a strong presence in the industry with over 70 properties worldwide.",0.745828164276205,1.0,0.894820235185322,0.9999999999666667
"Why were the first cherry trees in Washington, D.C. destroyed and who planted the replacement trees?","[""Washington (CNN)There should be plenty of pent-up anticipation among cherry blossom fans in Washington this spring. Peak blooms are expected at the tail end of the three-week-long National Cherry Blossom Festival, which kicks off Friday and runs through April 12. The fluttering pink and white blossoms are expected to hit their peak between April 11 and April 14. Here are five things to know about the eagerly awaited D.C. blossoms: . The city's first cherry trees were destroyed . In 1910, 2,000 cherry trees arrived in Washington, thanks to a gift from the city of Tokyo and the advocacy of Eliza Ruhamah Scidmore, one of the first female board members of the National Geographic Society. These trees, however, were riddled with disease and were destroyed. Two years later, first lady Helen Herron Taft planted one of the first of more than 3,000 replacement trees sent from Japan. Winter's almost over: See the proof . The festival was launched more than 20 years later . It wasn't until 1935""
 'Taft planted one of the first of more than 3,000 replacement trees sent from Japan. Winter\'s almost over: See the proof . The festival was launched more than 20 years later . It wasn\'t until 1935 that civic groups and the D.C. government came together to hold the first ""Cherry Blossom Festival."" That first official festival came after smaller commemorations including a three-day celebration in 1934 and a 1927 re-enactment of the original planting of the trees by a group of Washington school children. It\'s not all about cherry trees . That\'s right, there\'s a Blossom Kite Festival right in the middle of the cherry blossom festivities on March 28th. The festival consists of a hot tricks showdown, learning how to make and fly kites, and there\'s even a kite doctor on site to repair broken kites. Two types of trees dominate . In the 1912 gift of trees to Washington, there were 12 different varieties. Today, two varieties are dominant -- Yoshino and Kwanzan. Kwanzan trees are usually found'
 ""Two types of trees dominate . In the 1912 gift of trees to Washington, there were 12 different varieties. Today, two varieties are dominant -- Yoshino and Kwanzan. Kwanzan trees are usually found in the East Potomac Park area and produce pink blossoms. The Yoshino, which produce white blossoms, are closer to the northern part of the Tidal Basin near the Washington Monument. Descendants of the original trees live in Japan . In 2011, about 120 trees propagated from D.C.'s surviving 1912 trees were sent back to Japan to preserve the genetic lineage of the symbolic trees. Over the years, cuttings from the original trees have also been returned to Japan for horticultural projects.""]","The first cherry trees in Washington, D.C. were destroyed because they were riddled with disease. The replacement trees were planted by first lady Helen Herron Taft.","The first cherry trees in Washington, D.C. were destroyed due to disease. The replacement trees were planted by first lady Helen Herron Taft.",0.6776636092583196,1.0,0.9697378746207584,0.99999999995
How can the government protect middle class jobs and address economic inequality and insecurity?,"[""Republicans by offering a more centrist vision of economic policy. The opportunities for Democrats to embrace a more pro-union agenda have only intensified with the fierce assault taking place among conservatives. The Koch brothers have unleashed fierce financial assault against unions. Scott Walker, the governor of Wisconsin and potential Republican presidential candidate, has stripped away the power of public unions and signed a right to work law that barred unions from collecting dues from employees who weren't in unions. Unions are under assault, and the movement is looking for help. Democrats, and some Republicans, often talk about needing to deal with the problem of economic inequality. Much of the talk is often vague and offers little in the way to real solutions. Shoring up the strength of unions is one area where the government can help protect jobs for middle class Americans. Without strong unions, the battle against economic inequality and insecurity will never really get""
 ""(CNN)Last November, the American people placed a great amount of trust in Republicans when they gave them complete control of Congress. Voters bought the illusion that a Republican Congress would govern effectively, help the middle class and focus on important issues like jobs and the economy. Now, after two months, that illusion has been shattered. Over the last two weeks, we have seen the Republican Congress manufacture, then escalate, a political crisis by threatening to shut down the Department of Homeland Security. There is no government task more basic than keeping citizens safe. And yet Republicans are recklessly putting our national security at risk to protect their own political security. By failing to do a full extension of DHS funding — holding it hostage with demands that the legislation roll back the President's immigration actions -- Republicans are leaving uncertain the livelihoods of more than 240,000 men and women who proudly serve as employees of the Border Patrol,""
 'of unions is one area where the government can help protect jobs for middle class Americans. Without strong unions, the battle against economic inequality and insecurity will never really get started. As George Gresham, the president of United Health Care Workers East wrote in The New York Times, ""By defunding unions and weakening union members via \'right to work\' laws, corporations and those that do their bidding remove workers\' primary means of raising wages, securing pensions and improving workers conditions. Workers\' main vehicle for advancing themselves and their communities is jeopardized."" Democrats need to listen to what the AFL-CIO is saying. They need to push back against President Obama, even if this creates political opportunities for Republicans, so that the party does not abandon what has been at the heart and soul of their agenda. As Democrats continually watch Republicans outdo them in terms of organization and pursuit, they need to look to labor more as an ally than']","The government can protect middle class jobs and address economic inequality and insecurity by shoring up the strength of unions. This involves opposing ""right to work"" laws that weaken unions and ensuring that unions can effectively raise wages, secure pensions, and improve working conditions. Strengthening unions is crucial for providing workers with the means to advance themselves and their communities.","Shoring up the strength of unions is one area where the government can help protect jobs for middle class Americans. Without strong unions, the battle against economic inequality and insecurity will never really get started.",0.8795638138323517,1.0,0.9999999999999991,0.8333333332916666
Why was the Bardo Museum targeted in the terrorist attack and what is its significance in Tunis?,"['(CNN)Wednesday\'s terrorist attack, which killed 23 people, hit Tunisia where it hurt by targeting its flourishing tourism industry. The deadly attack on the prominent Bardo Museum near Tunisia\'s parliament in the country\'s capital, Tunis, is the latest instance of an armed assault carried out by gunmen willing to fight to the death, a tactic that has been widely adopted by jihadist terrorists in recent years, including in North Africa. Such attacks mimic the 2008 Mumbai assaults in which 10 gunmen from Pakistan went on a rampage in the massive Indian port city. They took hostages and killed more than 160 people over a three-day period, in an attack that drew  sustained global TV coverage. The gunmen attacked iconic Mumbai targets such as the Taj hotel, which is frequented by Westerners. The Mumbai gunmen embarked on their attack knowing that it was a ""fedayeen"" mission -- meaning ""those who sacrifice themselves"" -- and that they would probably fight to the death. Only one gunman'
 ""(CNN)The attack on Tunisia's famed Bardo Museum is just the latest evidence that parts of North and sub-Saharan Africa have become a magnet for Islamist extremism. Tunisia -- lying just across the Mediterranean from Europe, but bordered on one side by Libya and on the other by Algeria -- has until now not suffered the kind of large-scale terror attacks seen in both those nations in recent years. But it has emerged as a place of increasing concern as the threat of Islamist extremism has intensified in the region. Islamist terrorists also have struck in Algeria, where they killed at least 37 hostages at a gas field in 2013, and in Libya, where terrorists killed the U.S. ambassador and three others in 2012 and where ISIS has established a beachhead in the east. Al Qaeda's North African offshoot Al Qaeda in the Islamic Maghreb (AQIM), which has its roots in Algeria, has captured territory in Mali and taken hostages -- often Europeans -- in countries such as Niger and Mauritania. So what is""
 '(CNN)The terrorists who attacked the Bardo Museum in Tunis, Tunisia, last week were wearing suicide vests but failed to detonate them before being gunned down by police, Tunisia\'s President told CNN. ""They had them, but they didn\'t work, because the police turned up and they were shot down and they didn\'t have the time to get these vests to work. Because had they done so, we would have had major catastrophe,"" President Beji Caid Essebsi told CNN\'s Christiane Amanpour. A third museum attacker remains at large, Essebsi said. Previously two suspects had been identified -- Yassine Labidi and Saber Khachnaou -- though it wasn\'t immediately clear if they were the pair killed at the museum by Tunisian security forces. Essebsi told Amanpour 15 arrests had been made since Wednesday\'s attack, in which 23 people were killed. Most of the victims were foreigners and 19 were tourists who\'d been on two cruise ships that docked in Tunis. Essebsi said he believed the attackers were members of ISIS who']","The Bardo Museum was targeted in the terrorist attack because it is a prominent and symbolic site in Tunisia, frequented by tourists, which makes it a strategic target to harm the country's flourishing tourism industry. The attack aimed to draw global attention and mimic high-profile assaults like the 2008 Mumbai attacks. The museum's significance in Tunis lies in its status as a major cultural and historical institution, attracting many foreign visitors.","The Bardo Museum was targeted in the terrorist attack because of its significance in Tunis. It is located next to Tunisia's Parliament and is considered a ""jewel of Tunisian heritage"". The museum showcases the country's art, culture, and history. Its prominent place in Tunisia's economy, which heavily relies on tourism, made it a logical target for terrorists.",0.5986057003469133,0.7142857142857143,0.9580013460032161,0.9999999999666667
What is the impact of reversing Section 66A on freedom of speech in India and what are some examples of enforced cyber laws for online content?,"['(CNN)India\'s highest court has reversed a controversial law that gave the authorities sweeping powers to arrest and potentially jail people for comments posted on social networks and other Internet platforms. The Supreme Court ruled that Section 66A of the 2008 Information Technology Act was ""unconstitutional"" and ""hit at the root of liberty and freedom of expression, the two cardinal pillars of democracy."" Under Section 66A, alleged offenders could face up to three years in jail for posting material that is ""grossly offensive,"" has ""menacing character,"" -- or perhaps even more ambiguously -- causes ""annoyance or inconvenience."" The court said this wording was ""vague"" and could be ""misconstrued,"" according to Ranjeeta Rohatgi, an advocate who was present at the hearing in Delhi Tuesday. India\'s cyber laws have ignited a furious debate about curbs on freedom of speech in recent years.  In 2012, a university professor was arrested for circulating a cartoon that poked fun at West Bengal'
 'cyber laws have ignited a furious debate about curbs on freedom of speech in recent years.  In 2012, a university professor was arrested for circulating a cartoon that poked fun at West Bengal Chief Minister Mamata Banerjee. The cartoon, which was a parody of a scene in a popular Indian movie, went viral on social media. He was charged with a range of offenses including defamation, insulting a woman and sending offensive messages from a computer. Mahapatra called the charges a misuse of the law ""in the name of surveillance, to curb democratic rights, freedom of speech and human rights of common people."" A year earlier, Delhi went one step further with its digital crackdown when the so-called ""intermediary guidelines"" implicated web platforms themselves. The rules now require Internet companies to take down any content seen as ""disparaging,"" ""blasphemous,"" or ""defamatory"" within 36 hours of a user submitting a formal request for removal. In Mumbai, India\'s financial center, police'
 'companies to take down any content seen as ""disparaging,"" ""blasphemous,"" or ""defamatory"" within 36 hours of a user submitting a formal request for removal. In Mumbai, India\'s financial center, police spokesman Dhananjay Kulkarni told CNN in February that some 650 posts and pages were blocked last year under these regulations. Google says in the last half of 2013 it removed 540 items from its pages in compliance with orders issued by Indian courts, government agencies, and law enforcement. It\'s a similar story with Facebook. The social networking site took down nearly 5,000 pieces of content reported by the Indian government in the first half of 2014. CNN\'s Harmeet Shah Singh and Kunal Sehgal in Delhi, as well as Mackenzie Sigalos in Hong Kong contributed to this report.']","Reversing Section 66A is a significant boost for freedom of speech in India, as it removes the threat of arrest and imprisonment for posting ""grossly offensive"" or ""annoying"" content online. Examples of enforced cyber laws include the arrest of a university professor in 2012 for circulating a cartoon mocking a political figure and the requirement for Internet companies to remove ""disparaging,"" ""blasphemous,"" or ""defamatory"" content within 36 hours of a formal request. Additionally, platforms like Google and Facebook have complied with numerous takedown requests from the Indian government.","The reversal of Section 66A has a positive impact on freedom of speech in India as it was deemed unconstitutional and a violation of liberty and freedom of expression. This law gave authorities the power to arrest and jail individuals for posting comments on social networks and other internet platforms. It was criticized for its vague wording and potential for misuse. The reversal of this law signifies a step towards protecting democratic rights and freedom of speech. Some examples of enforced cyber laws for online content in India include the ""intermediary guidelines"" that require internet companies to take down content deemed disparaging, blasphemous, or defamatory within 36 hours of a user's request. In Mumbai, police blocked 650 posts and pages under these regulations, and Google and Facebook have also complied with orders to remove content issued by Indian courts, government agencies, and law enforcement.",0.5952258004467288,1.0,0.9062418693272277,0.9999999999666667
